EmployeeId,FirstName,LastName,Age,EmailId
134841,Donna,Brown,57,donna.brown@aol.com
153989,Jack,Alexander,61,jack.alexander@gmail.com
158666,Rebecca,Stewart,55,rebecca.stewart@gmail.com
162402,Diana,Peterson,60,diana.peterson@hotmail.co.uk
183071,Andrea,Garcia,52,andrea.garcia@aol.com
185032,Eugene,Perez,59,eugene.perez@exxonmobil.com
193819,Benjamin,Russell,58,benjamin.russell@charter.net
212893,Janet,Henderson,60,janet.henderson@ntlworld.com
214352,Theresa,Lee,59,theresa.lee@gmail.com
218791,Aaron,Price,56,aaron.price@bp.com
226714,Nancy,Davis,52,nancy.davis@ibm.com
227922,Amanda,Hughes,40,amanda.hughes@rediffmail.com
231469,Ralph,Flores,80,ralph.flores@yahoo.com
241882,Debra,Wood,54,debra.wood@hotmail.com
247137,Alan,Rivera,80,alan.rivera@apple.com
253573,Sharon,Lopez,43,sharon.lopez@gmail.com
263480,Daniel,Cooper,60,daniel.cooper@yahoo.com
278556,Richard,Mitchell,81,richard.mitchell@verizon.net
293459,Steven,Phillips,58,steven.phillips@hotmail.com
301576,Wayne,Watson,87,wayne.watson@gmail.com
316110,Jack,Campbell,50,jack.campbell@gmail.com
325319,Carolyn,Price,60,carolyn.price@yahoo.com
329752,Lillian,Brown,49,lillian.brown@aol.com
333476,Mary,Wilson,54,mary.wilson@sbcglobal.net
335732,Brenda,Butler,41,brenda.butler@gmail.com
363065,Nancy,Jones,60,nancy.jones@gmail.com
380086,Lois,Walker,60,lois.walker@hotmail.com
386158,Melissa,King,55,melissa.king@comcast.net
388642,Ruby,Rogers,59,ruby.rogers@gmail.com
392491,Theresa,Murphy,57,theresa.murphy@gmail.com
400173,Dorothy,Edwards,57,dorothy.edwards@hotmail.co.uk
407061,Elizabeth,Jackson,56,elizabeth.jackson@aol.com
408351,Diane,Evans,51,diane.evans@yahoo.com
426038,Joan,Stewart,56,joan.stewart@yahoo.com
428945,Joe,Robinson,68,joe.robinson@gmail.com
441771,Cheryl,Scott,47,cheryl.scott@gmail.com
447813,Ann,Coleman,41,ann.coleman@ibm.com
456747,Roy,Griffin,62,roy.griffin@yahoo.com
461593,Nicole,Ward,60,nicole.ward@yahoo.com
474599,Maria,Walker,41,maria.walker@microsoft.com
476433,Lillian,Mitchell,55,lillian.mitchell@shaw.ca
477253,Anne,Russell,60,anne.russell@ibm.com
477616,Frances,Young,42,frances.young@gmail.com
478003,Cynthia,White,60,cynthia.white@gmail.com
489424,Phillip,White,82,phillip.white@gmail.com
491943,Nancy,Howard,45,nancy.howard@gmail.com
495141,Tammy,Young,55,tammy.young@comcast.net
499687,Patrick,Bailey,58,patrick.bailey@aol.com
515103,Anne,Perez,48,anne.perez@sbcglobal.net
524896,Judy,Hernandez,40,judy.hernandez@gmail.com
525955,Judy,Gonzales,51,judy.gonzales@gmail.com
528509,Paula,Diaz,42,paula.diaz@gmail.com
528673,Paul,Watson,60,paul.watson@hotmail.com
533952,Kelly,Adams,53,kelly.adams@bp.com
539712,Nancy,Baker,50,nancy.baker@bp.com
621833,Gregory,Edwards,64,gregory.edwards@outlook.com
622406,Thomas,Lewis,73,thomas.lewis@gmail.com
623253,Ruby,Stewart,48,ruby.stewart@gmail.com
623929,Jimmy,Howard,87,jimmy.howard@yahoo.com
639892,Jose,Hill,89,jose.hill@hotmail.com
683826,Roger,Roberts,77,roger.roberts@gmail.com
687017,Frances,Watson,42,frances.watson@outlook.com
702813,Ernest,Martinez,53,ernest.martinez@gmail.com
726264,Carl,Collins,90,carl.collins@yahoo.com
732017,Cynthia,Ramirez,47,cynthia.ramirez@btinternet.com
750173,Antonio,Roberts,82,antonio.roberts@hotmail.com
758872,Henry,Jenkins,70,henry.jenkins@hotmail.com
761821,Ernest,Washington,87,ernest.washington@msn.com
765850,Linda,Moore,40,linda.moore@gmail.com
766610,Joyce,Jenkins,44,joyce.jenkins@aol.com
802554,Ryan,Alexander,65,ryan.alexander@shell.com
806955,William,Hernandez,50,william.hernandez@rediffmail.com
818384,Peter,Washington,70,peter.washington@bp.com
844177,Margaret,Allen,43,margaret.allen@gmail.com
870820,Martha,Washington,54,martha.washington@aol.com
879753,Pamela,Wright,47,pamela.wright@aol.com
883936,Douglas,Flores,61,douglas.flores@gmail.com
890290,Julia,Scott,56,julia.scott@apple.com
893212,Carolyn,Hayes,53,carolyn.hayes@hotmail.co.uk
904898,Ann,Cooper,44,ann.cooper@exxonmobil.com
912990,Joshua,Stewart,68,joshua.stewart@yahoo.ca
915638,Jason,Anderson,57,jason.anderson@gmail.com
917395,Christopher,Nelson,62,christopher.nelson@aol.com
917937,Todd,Hall,74,todd.hall@yahoo.com
923947,Mary,Bryant,45,mary.bryant@verizon.net
940761,Brenda,Robinson,60,brenda.robinson@gmail.com
940922,Melissa,Butler,55,melissa.butler@hotmail.com
951225,Margaret,Brooks,56,margaret.brooks@gmail.com
958326,Larry,Miller,75,larry.miller@shell.com
969580,Matthew,Turner,56,matthew.turner@gmail.com
969964,Janice,Parker,56,janice.parker@yahoo.com
971640,Clarence,Ross,64,clarence.ross@apple.com
979607,Carol,Edwards,56,carol.edwards@msn.com
